beta,expected_profit,cvar,solve_time
0.0,271754.9898335665,9852.812556474357,4.72512200003257
0.02,271754.9898335665,73885.5234083006,5.94822890002979
0.25,271754.9898335665,73885.5234083006,5.516935100022238
0.5,271754.9898335665,73885.5234083006,4.392422100005206
0.75,271754.9898335665,73885.5234083006,4.398968799971044
1.0,271754.9898335665,73885.5234083006,4.596032300032675
