beta,expected_profit,cvar,solve_time
0.0,271754.9898335665,9852.812556474357,8.722153800000342
0.02,271754.9898335665,73885.5234083006,11.962958300000537
0.25,271754.9898335665,73885.5234083006,6.8265025999999125
0.5,271754.9898335665,73885.5234083006,5.2833634000007805
0.75,271754.9898335665,73885.5234083006,10.312638800000059
1.0,271754.9898335665,73885.5234083006,6.627226300000075
