beta,expected_profit,cvar,solve_time
0.0,241963.53347039295,7431.912045191636,8.500132600000143
0.02,241956.16601581557,52639.947420269775,11.460207299999638
0.25,241520.35643019198,55747.97350788119,8.490753800000675
0.5,240000.065852479,58309.52326190887,8.079463699999906
0.75,237515.94769469596,59793.58245862734,8.490665100000115
1.0,235552.4905692267,59906.27160992114,7.9482111000006626
